title,subtitle,subsubtitle
Executive Summary,-,-
Executive Summary,Model Purpose and Use,-
Executive Summary,Model Description,-
Executive Summary,Model Risk Tier,-
Executive Summary,Validation Scope and Approach,-
Executive Summary,Validation Outcome,-
Executive Summary,Validation Findings,-
Model Assessment,-,-
Model Assessment,Development Overview,-
Model Assessment,Development Documentation,-
Model Assessment,Input and Data Integrity,-
Model Assessment,Conceptual Soundness,-
Model Performance & Testing,-,-
Model Performance & Testing,Model Diagnostic Testing,-
Model Performance & Testing,Outcome Analysis / Back-testing,-
Model Performance & Testing,Benchmarking,-
Model Performance & Testing,"Sensitivity, Stability, and Robustness",-
Implementation and Controls,-,-
Implementation and Controls,"Production Platform, Data, and Code",-
Implementation and Controls,Implementation Plan,-
Governance and Oversight,-,-
Governance and Oversight,Performance and Risk Monitoring,-
Governance and Oversight,Change Management,-
Governance and Oversight,Tuning and Calibration,-
Governance and Oversight,Model Reference Tables,-
